id,Hacked application,Have you succeeded in attacking the application?,Total time in minutes spent for the task,I spent the following time in minutes using a IDE:,I spent the following time in minutes using a debugger:,I spent the following time in minutes searching on the Internet:,The task was clear to me,There was enough time to perform the task,The task was easy to perform,I have used the following IDE:,I have used the following debugger:,I have spent most of the time:,assigned,edited by,discarded,Have you succeeded in attacking the application?.1,Approach,Unnamed: 22,SF,SB,FF,FB,Step 1: type,"Step 1: asset name (function, variable, etc)",Step 2: type,"Step 2: asset name (function, variable, etc)",Step 3: type,"Step 3: asset name (function, variable, etc)",Step 4: type,"Step 4: asset name (function, variable, etc)",Step 5: type,"Step 5: asset name (function, variable, etc)",Step 6: type,"Step 6: asset name (function, variable, etc)",Step 7: type,"Step 7: asset name (function, variable, etc)",Step 8: type,"Step 8: asset name (function, variable, etc)",Step 9: type,"Step 9: asset name (function, variable, etc)",Step 10: type,"Step 10: asset name (function, variable, etc)",Step 11: type,"Step 11: asset name (function, variable, etc)",Step 12: type,"Step 12: asset name (function, variable, etc)",Step 13: type,"Step 13: asset name (function, variable, etc)",Step 14: type,"Step 14: asset name (function, variable, etc)",Step 15: type,"Step 15: asset name (function, variable, etc)",Step 16: type,"Step 16: asset name (function, variable, etc)",Step 17: type,"Step 17: asset name (function, variable, etc)",Step 18: type,"Step 18: asset name (function, variable, etc)",Step 19: type,"Step 19: asset name (function, variable, etc)",Step 20: type,"Step 20: asset name (function, variable, etc)",Unnamed: 87,Unnamed: 88,Unnamed: 89,Unnamed: 90,Unnamed: 91,Unnamed: 92,Unnamed: 93,Unnamed: 94,Unnamed: 95,Unnamed: 96,Unnamed: 97,Unnamed: 98,Unnamed: 99
34,tictactoe-2.4.zip,Yes,66,10,55,1,4,3,4,Jetbrians CLion,GDB inside IDE,Inspecting the execution by means of the debugger,AS,AS,,Yes,F,1.0,1.0,0.0,0.0,0.0,recognize anomalous / unexpected behavior,,control flow graph reconstruction,,understand code logic,,make hypothesis,,identify points of attack,check function,make hypothesis,matrix,tamper with data,matrix,,,,,,,,,,,,,,,,,,,,,,,,,,,,,,,,,,,,,,,
54,number-2.4.zip,No,70,12,58,0,1,3,3,clion,clion,Inspecting the execution by means of the debugger,AS,AS,,No,F,,0.0,0.0,1.0,0.0,prepare the environment,,recognize anomalous / unexpected behavior,number.c,limit scope of attack,number.c,understand code logic,convert in number.c,make hypothesis,,make hypothesis,,understand code logic,,tamper with code statically,funzione convert,tamper with code statically,,,,,,,,,,,,,,,,,,,,,,,,,,,,,,,,,,,,
82,tictactoe-2.4.zip,No,70,15,54,1,1,2,2,Visual Studio Code,lldb,Inspecting the execution by means of the debugger,AS,AS,,No,F,,0.0,0.0,1.0,0.0,control flow graph reconstruction,,limit scope of attack,,understand code logic,get_computer_move,make hypothesis,done,tamper with execution,done,understand code logic,check,,,,,,,,,,,,,,,,,,,,,,,,,,,,,,,,,,,,,,,,,
78,number-2.4.zip,No,70,40,20,10,2,2,4,VScode & gcc,gdb with vscode,Inspecting the execution by means of the debugger,AS,AS,,No,B,,0.0,0.0,0.0,1.0,recognize anomalous / unexpected behavior,void convert(char *line),understand code logic,,limit scope of attack,,prepare the environment,vscode and gcc,identify output generation,pfract(int len),,,,,,,,,,,,,,,,,,,,,,,,,,,,,,,,,,,,,,,,,,,
38,arithmetic-2.4.zip,No,70,30,40,0,3,4,5,dev-c++,gdb,Inspecting the execution by means of the debugger,AS,AS,,No,U,,0.0,0.0,0.0,0.0,prepare the environment,,control flow graph reconstruction,,make hypothesis,,recognize anomalous / unexpected behavior,,bypass protection,,reuse attack strategy that worked in the past,,analyse attack result,"variables left, right and result",make hypothesis on reasons for attack failure,,,,,,,,,,,,,,,,,,,,,,,,,,,,,,,,,,,,,,
15,arithmetic-2.4.zip,Yes,65,45,20,0,2,2,4,CLion,GDB,Reading and understanding the source code,AS,AS,,Yes,F,,1.0,0.0,0.0,0.0,prepare the environment,,make hypothesis on protection,"intr, problem, getrandom, opnum, penalise, showstats",limit scope of attack,,understand code logic,"problem, _3_problem_next, _6_problem_next, left, right, result",recognize anomalous / unexpected behavior,result,identify points of attack,result,analyse attack result,,,,,,,,,,,,,,,,,,,,,,,,,,,,,,,,,,,,,,,,
152,number-2.4.zip,Yes,70,15,55,0,2,4,5,CodeBlocks,GDB,Inspecting the execution by means of the debugger,AS,AS,,Yes,F,,1.0,0.0,0.0,0.0,prepare the environment,,recognize anomalous / unexpected behavior,,make hypothesis,,control flow graph reconstruction,,understand code logic,,identify assets by naming scheme,len,build the attack strategy,"number(*p, len)",identify output generation,name1,tamper with code statically,name1,analyse attack result,,,,,,,,,,,,,,,,,,,,,,,,,,,,,,,,,,
134,number-2.2.zip,Yes,40,10,30,0,1,1,1,Visual Studio 2017,Visual Studio 2017,Inspecting the execution by means of the debugger,AS,AS,,Yes,B,,0.0,1.0,0.0,0.0,recognize anomalous / unexpected behavior,main,recognize anomalous / unexpected behavior,main,make hypothesis,main,identify output generation,convert,limit scope of attack,"convert, unit, number",understand code logic,"number, _3_number_next",understand code logic,"number, name1, p",tamper with code statically,,analyse attack result,main,confirm hypothesis,,,,,,,,,,,,,,,,,,,,,,,,,,,,,,,,,,
71,number-2.3.zip,No,70,30,40,0,1,3,3,codebjocks,,Inspecting the execution by means of the debugger,AS,AS,Yes,No,B,,0.0,0.0,0.0,0.0,build workaround,,identify output generation,,,,,,,,,,,,,,,,,,,,,,,,,,,,,,,,,,,,,,,,,,,,,,,,,,
123,number-2.4.zip,Yes,39,10,25,4,1,1,2,clion,clion debug,Inspecting the execution by means of the debugger,AS,AS,,Yes,B,,0.0,1.0,0.0,0.0,prepare the environment,,understand code logic,,identify output generation,,control flow graph reconstruction,,build the attack strategy,void convert(char *line),understand code logic,"int unit(int len, char const *p)",make hypothesis,,identify points of attack,"int number(char const *p, int len)",tamper with code statically,,analyse attack result,,confirm hypothesis,,,,,,,,,,,,,,,,,,,,,,,,,,,,,,,,
9,arithmetic-2.2.zip,No,31,5,25,1,2,1,3,CLion,GDB (integrato clion),Inspecting the execution by means of the debugger,AS,AS,,No,F,,0.0,0.0,1.0,0.0,recognize anomalous / unexpected behavior,Console output,control flow graph reconstruction,switch(_3_problem_next),tamper with code statically,case 55 in switch,analyse attack result,,,,,,,,,,,,,,,,,,,,,,,,,,,,,,,,,,,,,,,,,,,,,,
106,tictactoe-2.2.zip,Yes,56,23,30,3,1,1,2,VisualStudio code,gdb,Inspecting the execution by means of the debugger,AS,AS,,Yes,F,,1.0,0.0,0.0,0.0,recognize anomalous / unexpected behavior,get_computer_move,limit scope of attack,,understand code logic,check,tamper with code statically,check,analyse attack result,check,tamper with code statically,check,analyse attack result,,,,,,,,,,,,,,,,,,,,,,,,,,,,,,,,,,,,,,,,
126,arithmetic-2.2.zip,Yes,60,30,30,0,1,1,1,VISUAL STUDIO 2015,VISUAL STUDIO 2015,Inspecting the execution by means of the debugger,AS,AS,,Yes,F,,1.0,0.0,0.0,0.0,prepare the environment,,understand code logic,problem(),recognize anomalous / unexpected behavior,main(),make hypothesis,problem(),tamper with code statically,problem(),analyse attack result,,confirm hypothesis,problem(),,,,,,,,,,,,,,,,,,,,,,,,,,,,,,,,,,,,,,,
11,tictactoe-2.4.zip,Yes,60,25,35,0,1,2,1,CLion,MingGW-w64 GDB,Reading and understanding the source code,AS,AS,Yes,Yes,,,0.0,0.0,0.0,0.0,understand code logic,,,,,,,,,,,,,,,,,,,,,,,,,,,,,,,,,,,,,,,,,,,,,,,,,,,,
48,number-2.3.zip,Yes,70,5,50,15,4,3,3,Clion,CMake con MinGW,Changing the execution by means of the debugger,AS,AS,,Yes,B,,0.0,1.0,0.0,0.0,prepare the environment,Clion,understand code logic,main and subfunction,identify API calls,stdin,identify assets by naming scheme,badnum,identify output generation,stdout,identify points of attack,tmp___0 e encoder function,choose path of least resistance,"tmp___0, stdin e encoder",build the attack strategy,tmp___0,reuse attack strategy that worked in the past,,limit scope of attack,,bypass protection,,assess effort,,recognize anomalous / unexpected behavior,,tamper with code statically,if (((unsigned long) tmp___0 < (unsigned long) ((void *) 10))){             (unsigned long) tmp___0 & 00000000000000001111111111111111; 	    },tamper with code statically,,tamper with data,,analyse attack result,,confirm hypthesis,,,,,,,,,,,,,,,,,,
94,number-2.3.zip,Yes,60,30,20,10,1,3,4,Clion,gdb,Reading and understanding the source code,AS,AS,,Yes,B,,0.0,1.0,0.0,0.0,identify output generation,printf(),limit scope of attack,number(),defeat protection,number(),,,,,,,,,,,,,,,,,,,,,,,,,,,,,,,,,,,,,,,,,,,,,,,
49,number-2.2.zip,No,70,10,50,10,5,5,4,visualStudio2015,LocalWindowsDebugger,Reading and understanding the source code,AS,AS,,No,M,,0.0,0.0,0.0,0.0,recognize anomalous / unexpected behavior,,build the attack strategy,,make hypothesis,,choose/evaluate alternative tool,,control flow graph reconstruction,,tamper with code statically,,evaluate and select alternative step / revise attack strategy,,identify output generation,printf((char const *) (encodeStrings_litStr84),understand code logic,,make hypothesis,,make hypothesis on protection,,make hypothesis on reasons for attack failure,,,,,,,,,,,,,,,,,,,,,,,,,,,,,,
104,tictactoe-2.4.zip,No,70,20,50,0,1,3,4,Clion,cygwin,Inspecting the execution by means of the debugger,AS,AS,,No,U,,0.0,0.0,0.0,0.0,recognize anomalous / unexpected behavior,get_computer_move(),understand code logic,,limit scope of attack,encoder();,understand code logic,check(),,,,,,,,,,,,,,,,,,,,,,,,,,,,,,,,,,,,,,,,,,,,,
142,tictactoe-2.4.zip,No,70,25,40,5,3,3,2,clion,clion debugger,Inspecting the execution by means of the debugger,AS,AS,,No,F,,0.0,0.0,1.0,0.0,control flow graph reconstruction,get_player_move,control flow graph reconstruction,get_computer_move,assess effort,check,evaluate and select alternative step / revise attack strategy,done,understand code logic,,tamper with code statically,done,analyse attack result,,make hypothesis on reasons for attack failure,done,build the attack strategy,_5_check__opaque_array,,,,,,,,,,,,,,,,,,,,,,,,,,,,,0.0,,,,,,
108,arithmetic-2.4.zip,No,70,30,40,0,2,5,5,vscode,vscode,Inspecting the execution by means of the debugger,AS,AS,Yes,No,,,0.0,0.0,0.0,0.0,tamper with code statically,main,tamper with data,start,tamper with data,finish,control flow graph reconstruction,_3_problem_next,control flow graph reconstruction,_6_problem_next,make hypothesis on reasons for attack failure,result,control flow graph reconstruction,tmp___2,evaluate and select alternative step / revise attack strategy,problem,,,,,,,,,,,,,,,,,,,,,,,,,,,,,,,,,,,,,
28,tictactoe-2.3.zip,Yes,70,5,65,0,1,1,3,CLion,LLDB embedded in CLION,Inspecting the execution by means of the debugger,AS,AS,,Yes,F,,1.0,0.0,0.0,0.0,recognize anomalous / unexpected behavior,function name: get_player_move(),understand code logic,function name: get_computer_move(),make hypothesis,variable name: done,build the attack strategy,,understand code logic,"function name: check, variable name _5_check_next",make hypothesis,"function name: check, variable name _5_check_next",limit scope of attack,switch in the check function,identify points of attack,"case 23 in switch in check function, tmp variable",tamper with code statically,tmp value in case 23 of check function,analyse attack result,,,,,,,,,,,,,,,,,,,,,,,,,,,,,,,,,,
122,tictactoe-2.2.zip,No,60,23,35,2,1,2,3,CLion,gdb,Reading and understanding the source code,AS,AS,,No,B,,0.0,0.0,0.0,1.0,prepare the environment,,recognize anomalous / unexpected behavior,,identify output generation,,understand code logic,main,understand code logic,get_player_move,understand code logic,get_computer_move,understand code logic,check,make hypothesis,,identify points of attack,check,limit scope of attack,check,build the attack strategy,,tamper with data,matrix,tamper with data,done,confirm hypothesis,,,,,,,,,,,,,,,,,,,,,,,,,,
151,arithmetic-2.3.zip,No,70,20,45,5,5,3,1,Codeblocks,gdb,Inspecting the execution by means of the debugger,AS,AS,,No,U,,0.0,0.0,0.0,0.0,prepare the environment,,recognize anomalous / unexpected behavior,,understand code logic,,make hypothesis,switch (_5_problem_next),tamper with code statically,_5_problem_next,make hypothesis on reasons for attack failure,_5_problem_next,tamper with data,tmp___3,make hypothesis on reasons for attack failure,tmp___3,tamper with data,tmp__3,make hypothesis on reasons for attack failure,tmp___3,,,,,,,,,,,,,,,,,,,,,,,,,,,,,,,,,
98,tictactoe-2.2.zip,Yes,65,7,58,0,2,3,3,CLion,GDB,Inspecting the execution by means of the debugger,AS,AS,,Yes,B,,0.0,1.0,0.0,0.0,prepare the environment,,identify output generation,,limit scope of attack,,identify points of attack,check,make hypothesis,,recognize anomalous / unexpected behavior,,understand code logic,tmp,understand code logic,tmp___0,tamper with code statically,tmp,tamper with code statically,tmp___0,analyse attack result,,confirm hypothesis,,,,,,,,,,,,,,,,,,,,,,,,,,,,,,
23,number-2.4.zip,No,65,47,15,3,2,3,4,XCode,XCode (IDE+debugger),Reading and understanding the source code,AS,AS,,No,F,,0.0,0.0,1.0,0.0,prepare the environment,,recognize anomalous / unexpected behavior,,understand code logic,,identify points of attack,unit,limit scope of attack,off and len,tamper with code statically,off and len,analyse attack result,,make hypothesis on reasons for attack failure,,confirm hypothesis,,tamper with code statically,off and len,analyse attack result,,make hypothesis on reasons for attack failure,,confirm hypothesis,,,,,,,,,,,,,,,,,,,,,,,,,,,,
10,tictactoe-2.4.zip,Yes,60,25,35,0,1,1,2,CodeBlock,"gdb, integrated in codeblocks",Inspecting the execution by means of the debugger,AS,AS,,Yes,B,,0.0,1.0,0.0,0.0,identify output generation,,limit scope of attack,"Dopo una veloce lettura del codice, ho supposto e verificato che i bug del programma sono nella funzione 'check'",understand code logic,,make hypothesis,,build the attack strategy,,tamper with code statically,,analyse attack result,,,,,,,,,,,,,,,,,,,,,,,,,,,,,,,,,,,,,,,,
17,number-2.2.zip,Yes,65,25,38,2,1,2,4,Xcode,integrated in Xcode,Inspecting the execution by means of the debugger,AS,AS,,Yes,F,,1.0,0.0,0.0,0.0,recognize anomalous / unexpected behavior,,control flow graph reconstruction,,make hypothesis,,limit scope of attack,,confirm hypothesis,La variabile era *p,understand code logic,,make hypothesis,len,limit scope of attack,funzione number,confirm hypothesis,,tamper with code statically,,,,,,,,,,,,,,,,,,,,,,,,,,,,,,,,,,
140,number-2.4.zip,No,70,20,50,0,2,4,5,Clion 2019.1.4,Clion 2019.1.4,Reading and understanding the source code,AL,AL,,No,B,,0.0,0.0,0.0,1.0,identify output generation,,recognize anomalous / unexpected behavior,,control flow graph reconstruction,,make hypothesis,number(),tamper with data,_6_number_next,tamper with data,_3_number_next,analyse attack result,,,,,,,,,,,,,,,,,,,,,,,,,,,,,,,,,,,,,,,,
84,tictactoe-2.2.zip,Yes,58,56,0,2,4,2,4,IntelliJClion,GDB,Reading and understanding the source code,AS,AS,,Yes,F,,1.0,0.0,0.0,0.0,prepare the environment,,recognize anomalous / unexpected behavior,main(),build the attack strategy,,make hypothesis,check(),tamper with code statically,check(),confirm hypothesis,check(),tamper with data,"matrix[][], check()",,,,,,,,,,,,,,,,,,,,,,,,,,,,,,,,,,,,,,,
147,tictactoe-2.2.zip,Yes,47,17,30,0,1,1,2,CLion,Bundled GDB,Inspecting the execution by means of the debugger,AS,AS,,Yes,F,,1.0,0.0,0.0,0.0,understand code logic,main,understand code logic,get_player_move,understand code logic,check,tamper with code statically,"case 26, tmp___0",tamper with code statically,"case 27, tmp",tamper with code statically,"case 30,  matrix[0][2]",tamper with code statically,"case 2,  matrix[0][0]",,,,,,,,,,,,,,,,,,,,,,,,,,,,,,,,,,,,,,,
57,arithmetic-2.2.zip,No,50,20,30,0,2,4,3,Codeblocks,GDB,Changing the execution by means of the debugger,AL,AL,yes,No,U,,0.0,0.0,0.0,0.0,understand code logic,int problem(void),reuse attack strategy that worked in the past,non sono riuscito ad identificare correttamente la sequenza di operazioni che portavano al funzionamento anomalo del programma ,prepare the environment,,make hypothesis,,,,,,,,,,,,,,,,,,,,,,,,,,,,,,,,,,,,,,,,,,,,,,
113,arithmetic-2.3.zip,No,70,60,10,0,4,2,4,,,Reading and understanding the source code,AL,AL,,No,F,,0.0,0.0,1.0,0.0,recognize anomalous / unexpected behavior,result,understand code logic,,confirm hypothesis,problem,,,,,,,,,,,,,,,,,,,,,,,,,,,,,,,,,,,,,,,,,,,,,,,
75,tictactoe-2.3.zip,Yes,70,5,65,0,1,2,2,clion,clion debug,Inspecting the execution by means of the debugger,AS,AS,,Yes,F,,1.0,0.0,0.0,0.0,prepare the environment,,recognize anomalous / unexpected behavior,,make hypothesis,variable matrivx,build the attack strategy,,understand code logic,method check(),identify points of attack,tmp__0 variable (line 385),tamper with code statically,,analyse attack result,,evaluate and select alternative step / revise attack strategy,,tamper with code statically,//matrix[0][0] = (char) 'O'; (line 498) and other action on matrix variable,analyse attack result,,,,,,,,,,,,,,,,,,,,,,,,,,,,,,,,
41,number-2.2.zip,Yes,40,10,30,0,1,1,3,CodeBlocks,gdb,Inspecting the execution by means of the debugger,AS,AS,,Yes,F,,1.0,0.0,0.0,0.0,prepare the environment,,recognize anomalous / unexpected behavior,,make hypothesis,,understand code logic,,limit scope of attack,,tamper with code statically,"function number(char const *p, int len), line of code printf((char const *) (encodeStrings_litStr75),  name1[(int const) *p - 48]); ",analyse attack result,,,,,,,,,,,,,,,,,,,,,,,,,,,,,,,,,,,,,,,,
14,arithmetic-2.4.zip,No,70,5,65,0,4,5,5,code block,gcc,Inspecting the execution by means of the debugger,AL,AL,yes,No,B,,0.0,0.0,0.0,0.0,tamper with data,,identify output generation,,understand code logic,,,,,,,,,,,,,,,,,,,,,,,,,,,,,,,,,,,,,,,,,,,,,,,,
117,number-2.3.zip,No,70,20,50,0,2,2,3,,20,Reading and understanding the source code,AL,AL,,No,F,,0.0,0.0,1.0,0.0,recognize anomalous / unexpected behavior,,make hypothesis,,control flow graph reconstruction,convert,evaluate and select alternative step / revise attack strategy,unit,tamper with execution,rval,confirm hypothesis,off,limit scope of attack,number,make hypothesis,number,tamper with code statically,,analyse attack result,number,evaluate and select alternative step / revise attack strategy,,analyse attack result,,,,,,,,,,,,,,,,,,,,,,,,,,,,,,
67,arithmetic-2.3.zip,Yes,20,14,6,0,1,1,2,Xcode,Xcode default (gdb),Inspecting the execution by means of the debugger,AS,AS,,Yes,B,,0.0,1.0,0.0,0.0,make hypothesis on protection,int problem(void),identify points of attack,int problem(void),tamper with code statically,,analyse attack result,//		    ((unsigned int) result & 4039822362U)) {             ((unsigned int) result )) { ,confirm hypothesis,overall,,,,,,,,,,,,,,,,,,,,,,,,,,,,,,,,,,,,,,,,,,,
40,number-2.3.zip,No,50,10,40,0,1,2,4,Dev-C++,TDM-GCC ,Inspecting the execution by means of the debugger,AL,AL,,No,F,,0.0,0.0,1.0,0.0,recognize anomalous / unexpected behavior,analyze and identify the output of the program,understand code logic,analize convert function,understand code logic,"analysis of functions: convert, number",identify output generation,Analistìys if number function,tamper with code statically,Alter the code,,,,,,,,,,,,,,,,,,,,,,,,,,,,,,,,,,,,,,,,,,,
31,number-2.4.zip,Yes,30,5,25,0,1,1,1,Visual Studio Code,GDB,Inspecting the execution by means of the debugger,AS,AS,,Yes,B,,0.0,1.0,0.0,0.0,identify output generation,number() (function),understand code logic,"name1[], val (variables)",tamper with code statically,,analyse attack result,,,,,,,,,,,,,,,,,,,,,,,,,,,,,,,,,,,,,,,,,,,,,,
32,arithmetic-2.3.zip,Yes,15,2,13,0,1,1,2,Codeblocks,Codeblocks,Inspecting the execution by means of the debugger,AS,AS,,Yes,B,,0.0,1.0,0.0,0.0,limit scope of attack,problem function,identify output generation,printf,understand code logic,,understand code logic,,recognize anomalous / unexpected behavior,,tamper with code statically,,,,,,,,,,,,,,,,,,,,,,,,,,,,,,,,,,,,,,,,,,
103,tictactoe-2.4.zip,No,70,35,35,0,1,2,3,codeblocks,gdb,Inspecting the execution by means of the debugger,AL,AL,,No,B,,0.0,0.0,0.0,1.0,prepare the environment,,recognize anomalous / unexpected behavior,,identify output generation,main,understand code logic,understand code logic,limit scope of attack,,make hypothesis,,limit scope of attack,check(),confirm hypothesis,,control flow graph reconstruction,check(),control flow graph reconstruction,tmp___0,,done,,,,,,,,,,,,,,,,,,,,,,,,,,,,,,,
111,arithmetic-2.4.zip,Yes,35,15,20,0,1,1,2,Clion,GDB,Inspecting the execution by means of the debugger,AS,AS,,Yes,F,,1.0,0.0,0.0,0.0,prepare the environment,,build the attack strategy,,bypass protection,,make hypothesis,int problem(void); void showstats(int bool_sigint);,understand code logic,void showstats(int bool_sigint);,limit scope of attack,int problem(void);,recognize anomalous / unexpected behavior,int problem(void); int result;,tamper with data,int problem(void); int result;,analyse attack result,,,,,,,,,,,,,,,,,,,,,,,,,,,,,,,,,,,,
50,tictactoe-2.4.zip,Yes,35,5,30,0,2,1,2,CodeBlocks,CodeBlocks,Inspecting the execution by means of the debugger,AS,AS,,Yes,B,,0.0,1.0,0.0,0.0,identify output generation,,control flow graph reconstruction,,understand code logic,,tamper with code statically,check,,,,,,,,,,,,,,,,,,,,,,,,,,,,,,,,,,,,,,,,,,,,,
91,arithmetic-2.2.zip,Yes,30,5,25,0,5,5,4,Xcode,lldb,Inspecting the execution by means of the debugger,AS,AS,,Yes,B,,0.0,1.0,0.0,0.0,recognize anomalous / unexpected behavior,,understand code logic,problem,identify API calls,problem,make hypothesis,tmp__2,understand code logic,tmp__3,tamper with code statically,problem,,,,,,,,,,,,,,,,,,,,,,,,,,,,,,,,,,,,,,,,,
148,arithmetic-2.4.zip,Yes,50,5,45,0,5,4,2,Codeblocks,gdb,Inspecting the execution by means of the debugger,AS,AS,,Yes,F,,1.0,0.0,0.0,0.0,prepare the environment,,recognize anomalous / unexpected behavior,,make hypothesis,,bypass protection,result,make hypothesis,,tamper with execution,tmp___3,bypass protection,tmp___3,make hypothesis,result,tamper with code statically,,analyse attack result,,confirm hypothesis,,,,,,,,,,,,,,,,,,,,,,,,,,,,,,,,
77,number-2.4.zip,No,70,45,25,0,2,2,2,CodeBlocks,GDB through IDE,Reading and understanding the source code,AL,AL,,No,F,,0.0,0.0,1.0,0.0,prepare the environment,,understand code logic,,build the attack strategy,,understand code logic,,limit scope of attack,int number ( char const... ),tamper with code statically,case 52 in number()..,recognize anomalous / unexpected behavior,,make hypothesis on reasons for attack failure,number(),,,,,,,,,,,,,,,,,,,,,,,,,,,,,,,,,,,,,
74,tictactoe-2.4.zip,Yes,65,35,30,0,5,5,3,cLion,LLDB 9.0,Inspecting the execution by means of the debugger,AL,AL,,Yes,F,,1.0,0.0,0.0,0.0,prepare the environment,,recognize anomalous / unexpected behavior,,understand code logic,,limit scope of attack,check ,build the attack strategy,,tamper with code statically,tmp,tamper with data,tmp___0,tamper with data,matrix[i][j],analyse attack result,,,,,,,,,,,,,,,,,,,,,,,,,,,,,,,,,,,,
56,arithmetic-2.3.zip,Yes,70,8,60,2,1,2,3,Codeblocks,debug integrato in Codeblock,Inspecting the execution by means of the debugger,AL,AL,,Yes,F,,1.0,0.0,0.0,0.0,limit scope of attack,problem (function),identify points of attack,_5_problem_next,understand code logic,result,understand code logic,problem,tamper with code statically,Prendo il valore dato dall'utente lo comparo con result e vado nel case 10 se uguale e nel case 8 se sbagliato. ,,,,,,,,,,,,,,,,,,,,,,,,,,,,,,,,,,,,,,,,,,,
24,number-2.3.zip,Yes,40,35,5,0,5,3,4,codeblocks,GNU GCC,Reading and understanding the source code,AL,AL,yes,Yes,U,,0.0,0.0,0.0,0.0,prepare the environment,,recognize anomalous / unexpected behavior,,understand code logic,,identify points of attack,,build workaround,number,bypass protection,number,bypass protection,name1,overcome protection,"printf((char const *) (encodeStrings_litStr75),name1[(int const) *p - 48]);",,,,,,,,,,,,,,,,,,,,,,,,,,,,,,,,,,,,,
107,arithmetic-2.4.zip,No,70,40,30,0,2,4,5,CLion,CLion,Reading and understanding the source code,AL,AL,,No,B,,0.0,0.0,0.0,1.0,prepare the environment,CLion,understand code logic,main,identify output generation,output,understand code logic,,understand code logic,result,understand code logic,nright,understand code logic,nwrong,understand code logic,encoder(),tamper with code statically,problem(),,,,,,,,,,,,,,,,,,,,,,,,,,,,,,,,,,,
110,number-2.2.zip,Yes,45,5,35,5,1,1,2,CodeBlocks,,Changing the execution by means of the debugger,AL,AL,,Yes,F,,1.0,0.0,0.0,0.0,understand code logic,,prepare the environment,,limit scope of attack,convert(),recognize anomalous / unexpected behavior,name1,tamper with code statically,name1,,,,,,,,,,,,,,,,,,,,,,,,,,,,,,,,,,,,,,,,,,,
2,arithmetic-2.2.zip,No,70,15,55,0,2,4,4,DEV-C++,DEV-C++,Inspecting the execution by means of the debugger,AD,AD,,No,F,,0.0,0.0,1.0,0.0,recognize anomalous / unexpected behavior,"printf(""prova"")",limit scope of attack,void convert(char *line),make hypothesis,Variabile p,tamper with data,"len, p, *p",tamper with execution,"switch case, if",,,,,,,,,,,,,,,,,,,,,,,,,,,,,,,,,,,,,,,,,,,
90,arithmetic-2.3.zip,Yes,60,10,50,0,1,1,4,Clion,LLDB,Inspecting the execution by means of the debugger,AD,AD,,Yes,M,,0.0,0.0,0.0,0.0,understand code logic,problem,limit scope of attack,,make hypothesis,result,limit scope of attack,,make hypothesis,,identify output generation,printf,evaluate and select alternative step / revise attack strategy,problem,choose path of least resistance,_5_problem_next,,,,,,,,,,,,,,,,,,,,,,,,,,,,,,,,,,0.0,,,
27,tictactoe-2.4.zip,No,69,8,61,0,1,2,3,codeblocks,gdb,Inspecting the execution by means of the debugger,AD,AS,,No,B,,0.0,0.0,0.0,1.0,control flow graph reconstruction,"debug of main, get_player_move, get_computer_move and check functions",identify output generation,"check function, where the matrix is written",make hypothesis on protection,check function,make hypothesis,,recognize anomalous / unexpected behavior,,analyse attack result,excution of main,,,,,,,,,,,,,,,,,,,,,,,,,,,,,,,,,,,,,,,,,
64,number-2.2.zip,Yes,40,10,30,0,1,1,3,Clion,Debugger integrato in Clion,Inspecting the execution by means of the debugger,AD,AD,,Yes,F,,1.0,0.0,0.0,0.0,prepare the environment,,recognize anomalous / unexpected behavior,,identify assets by naming scheme,funzione main(),limit scope of attack,funzioni richiamate all'interno della funzione main(),understand code logic,convert(),limit scope of attack,funzione unit(),identify points of attack,riga 54 del codice,tamper with code statically,riga 56,analyse attack result,,confirm hypothesis,,,,,,,,,,,,,,,,,,,,,,,,,,,,,,,,,,
16,number-2.3.zip,No,63,3,60,0,4,2,2,CodeBlocks,GDB,Inspecting the execution by means of the debugger,AD,AD,,No,F,,0.0,0.0,1.0,0.0,prepare the environment,,identify assets by naming scheme,,recognize anomalous / unexpected behavior,,understand code logic,"main(), convert(), unit() and number().",,,,,,,,,,,,,,,,,,,,,,,,,,,,,,,,,,,,,,,,,,,,,
4,tictactoe-2.4.zip,No,70,20,50,0,1,3,5,CLion,LLdb,Inspecting the execution by means of the debugger,AD,AD,yes,No,F,,0.0,0.0,0.0,0.0,understand code logic,,make hypothesis,,control flow graph reconstruction,,,,,,,,,,,,,,,,,,,,,,,,,,,,,,,,,,,,,,,,,,,,,,,,
124,number-2.4.zip,Yes,40,5,35,0,1,1,2,Code::Block,MinGW,Inspecting the execution by means of the debugger,AD,AD,,Yes,F,,1.0,0.0,0.0,0.0,recognize anomalous / unexpected behavior,,understand code logic,"main, unit",limit scope of attack,"unit, number",understand code logic,number,evaluate and select alternative step / revise attack strategy,,identify output generation,number,identify points of attack,case 52:,tamper with code statically,"printf, name1",analyse attack result,,confirm hypothesis,,,,,,,,,,,,,,,,,,,,,,,,,,,,,,,,,,
58,tictactoe-2.4.zip,No,45,35,10,0,2,2,3,Visual Studio 2015,Visual Studio,Reading and understanding the source code,AD,AD,,No,F,,0.0,0.0,1.0,0.0,prepare the environment,,recognize anomalous / unexpected behavior,,understand code logic,,make hypothesis,check(),identify points of attack,"check(), matrix",analyse attack result,,make hypothesis on reasons for attack failure,"check(), matrix",confirm hypothesis,"check(), matrix",build the attack strategy,matrix,tamper with code statically,,analyse attack result,,,,,,,,,,,,,,,,,,,,,,,,,,,,,,,,
139,number-2.4.zip,No,60,30,20,10,2,4,5,CodeBlocks,GDB,Reading and understanding the source code,AD,AD,,No,U,,0.0,0.0,0.0,0.0,prepare the environment,,recognize anomalous / unexpected behavior,,make hypothesis,number,limit scope of attack,,understand code logic,number,evaluate and select alternative step / revise attack strategy,main,,,,,,,,,,,,,,,,,,,,,,,,,,,,,,,,,,,,,,,,,
92,number-2.4.zip,Yes,60,10,50,0,1,1,3,CodeBlocks,yes,Inspecting the execution by means of the debugger,AD,AD,,Yes,M,,0.0,0.0,0.0,0.0,prepare the environment,,understand code logic,,identify output generation,number,make hypothesis,number,limit scope of attack,name1,confirm hypothesis,,tamper with code statically,name1,analyse attack result,Facendo più prove ho realizzato di aver attaccato con successo il codice. ,,,,,,,,,,,,,,,,,,,,,,,,,,,,,,,,,,,,,
36,tictactoe-2.3.zip,Yes,40,10,30,0,1,1,2,CLion,Cygwin GDB,Inspecting the execution by means of the debugger,AD,AD,,Yes,F,,1.0,0.0,0.0,0.0,prepare the environment,,recognize anomalous / unexpected behavior,,control flow graph reconstruction,,understand code logic,,identify points of attack,check function,build the attack strategy,check function,limit scope of attack,,tamper with code statically,check function,analyse attack result,,evaluate and select alternative step / revise attack strategy,check function,make hypothesis,check function,recognize similarity with already analysed protected application,check function,reuse attack strategy that worked in the past,,confirm hypothesis,,tamper with code statically,,analyse attack result,,,,,,,,,,,,,,,,,,,,,,
29,tictactoe-2.2.zip,Yes,70,50,20,0,4,4,3,CodeBlocks,GCC,Reading and understanding the source code,AD,,,Yes,F,,1.0,0.0,0.0,0.0,understand code logic,intero codice .c,limit scope of attack,check_computer_move(),evaluate and select alternative step / revise attack strategy,check(),tamper with data,"tmp, tmp_0 ecc",make hypothesis on reasons for attack failure,"tmp, tmp_0",identify points of attack,,tamper with data,tutte le variabili in check() che erano assegnate con,,analyse attack result,,,,,,,,,,,,,,,,,,,,,,,,,,,,,,,,,,,,,
43,arithmetic-2.4.zip,No,70,10,60,0,2,5,1,Clio,,Inspecting the execution by means of the debugger,AM,AM,,No,F,,0.0,0.0,1.0,0.0,recognize anomalous / unexpected behavior,,limit scope of attack,,understand code logic,,,,,,,,,,,,,,,,,,,,,,,,,,,,,,,,,,,,,,,,,,,,,,,,
70,number-2.4.zip,Yes,30,20,10,0,3,3,3,CodeBlocks,gdb,Inspecting the execution by means of the debugger,AM,AM,yes,Yes,U,,0.0,0.0,0.0,0.0,build the attack strategy,,assess effort,,choose/evaluate alternative tool,,identify points of attack,,tamper with data,,limit scope of attack,,,,,,,,,,,,,,,,,,,,,,,,,,,,,,,,,,,,,,,,,,
99,number-2.4.zip,Yes,40,10,30,0,2,1,2,Clion,gdb,Inspecting the execution by means of the debugger,AM,AM,yes,Yes,U,,0.0,0.0,0.0,0.0,make hypothesis,tmp___0,tamper with code statically,,confirm hypothesis,,,,,,,,,,,,,,,,,,,,,,,,,,,,,,,,,,,,,,,,,,,,,,,,
86,arithmetic-2.4.zip,Yes,70,5,60,5,3,2,1,Code::Blocks,GDB,Inspecting the execution by means of the debugger,AM,AM,,Yes,B,,0.0,1.0,0.0,0.0,recognize anomalous / unexpected behavior,,prepare the environment,,identify output generation,problem(),identify points of attack,problem(),limit scope of attack,((unsigned int) result & 4039822362U),make hypothesis,(unsigned int) result & 4039822362U),tamper with code statically,(unsigned int) result & 4039822362U),analyse attack result,,confirm hypothesis,,,,,,,,,,,,,,,,,,,,,,,,,,,,,,,,,,,,
112,arithmetic-2.4.zip,No,70,55,10,5,2,3,4,DEV-C++,TDM-GCC 4.9.2 64 bit Debug,Inspecting the execution by means of the debugger,AM,AM,,No,F,,0.0,0.0,1.0,0.0,prepare the environment,,recognize anomalous / unexpected behavior,problem,identify points of attack,main,limit scope of attack,problem,make hypothesis,result,understand code logic,problem,understand code logic,result,limit scope of attack,op,,problem,,,,,,,,,,,,,,,,,,,,,,,,,,,,,,,,,,,
1,number-2.3.zip,Yes,70,15,50,5,4,4,3,Xcode,gdb (integrated in IDE),Inspecting the execution by means of the debugger,AM,AM,,Yes,F,,1.0,0.0,0.0,0.0,understand code logic,,recognize anomalous / unexpected behavior,,understand code logic,convert(),understand code logic,number(),understand code logic,unit(),understand code logic,,tamper with code statically,"printf((char const *) (encodeStrings_litStr75), name1[(int const) *p - 46]);",tamper with code statically,"printf((char const *) (encodeStrings_litStr75), name1[(int const) *p - 48]);",,,,,,,,,,,,,,,,,,,,,,,,,,,,,,,,,,,,,
143,tictactoe-2.2.zip,Yes,40,10,30,0,1,2,3,CodeBlocks,GDB/CDB,Inspecting the execution by means of the debugger,AM,AM,,Yes,M,,0.0,0.0,0.0,0.0,prepare the environment,,control flow graph reconstruction,,recognize anomalous / unexpected behavior,,understand code logic,,identify output generation,disp_matrix,make hypothesis,check,identify points of attack,check,tamper with code statically,check,analyse attack result,,recognize anomalous / unexpected behavior,,make hypothesis,tmp___0,tamper with code statically,tmp___0,analyse attack result,check,confirm hypothesis,tmp___0,confirm hypothesis,check,,,,,,,,,,,,,,,,,,,,,,,
68,arithmetic-2.2.zip,Yes,28,5,20,3,1,1,2,Dev C++,TDM-GCC 4.9.2 64 bit,Inspecting the execution by means of the debugger,AM,AM,,Yes,F,,1.0,0.0,0.0,0.0,control flow graph reconstruction,,limit scope of attack,problem() function,control flow graph reconstruction,,understand code logic,,make hypothesis,correctness of the result variable,recognize anomalous / unexpected behavior,,build the attack strategy,,tamper with code statically,,analyse attack result,,,,,,,,,,,,,,,,,,,,,,,,,,,,,,,,,,,,
18,arithmetic-2.4.zip,No,70,35,25,10,1,4,5,CLion,Cygwin,Reading and understanding the source code,AM,AM,yes,No,U,,0.0,0.0,0.0,0.0,prepare the environment,,understand code logic,,understand persistent storage / file / socket,File,identify output generation,,identify points of attack,Functions,identify API calls,,build the attack strategy,,tamper with execution,,recognize anomalous / unexpected behavior,,,,,,,,,,,,,,,,,,,,,,,,,,,,,,,,,,,,
114,arithmetic-2.2.zip,Yes,50,15,35,0,1,1,2,CLION,GDB,Inspecting the execution by means of the debugger,AM,AM,,Yes,B,,0.0,1.0,0.0,0.0,prepare the environment,,recognize anomalous / unexpected behavior,,identify output generation,problem,build the attack strategy,tmp___3,make hypothesis,,tamper with code statically,result,analyse attack result,,confirm hypothesis,problem,,problem,,,,,,,,,,,,,,,,,,,,,,,,,,,,,,,,0.0,,,
37,tictactoe-2.2.zip,Yes,60,15,45,0,2,1,3,clion,Cygwin64,Changing the execution by means of the debugger,AM,AM,,Yes,B,,0.0,1.0,0.0,0.0,prepare the environment,,recognize anomalous / unexpected behavior,,identify output generation,disp_matrix(),understand code logic,matrix,limit scope of attack,check(),understand code logic,"tmp__0, tmp, matrix[0][0] = (char) 'O';",tamper with code statically,"matrix[0][0] = (char) 'O',matrix[i][0] = tmp, matrix[0][i] = tmp___0",,,,,,,,,,,,,,,,,,,,,,,,,,,,,,,,,,,,,,,
101,arithmetic-2.3.zip,Yes,24,12,12,0,3,4,3,clion,gdb,Inspecting the execution by means of the debugger,AM,AM,,Yes,B,,0.0,1.0,0.0,0.0,control flow graph reconstruction,main,understand code logic,int problem(void),make hypothesis,int problem(void),tamper with code statically,int problem(void),analyse attack result,,confirm hypothesis,int problem(void),,,,,,,,,,,,,,,,,,,,,,,,,,,,,,,,,,,,,,,,,
8,arithmetic-2.3.zip,No,60,25,30,5,2,4,5,Codeblocks,gdb,Inspecting the execution by means of the debugger,AM,AM,,No,B,,0.0,0.0,0.0,1.0,recognize anomalous / unexpected behavior,,understand code logic,,understand code logic,function encoder(),understand code logic,,make hypothesis on protection,"_5_problem_next, _4_problem__opaque_array",make hypothesis on reasons for attack failure,,,,,,,,,,,,,,,,,,,,,,,,,,,,,,,,,,,,,,,,,,
79,arithmetic-2.3.zip,Yes,40,10,30,0,1,3,3,CLion,CLion Integrated Debugger,Inspecting the execution by means of the debugger,DL,DL,,Yes,B,,0.0,1.0,0.0,0.0,understand code logic,"function ""problem""",tamper with code statically,"function ""main""",tamper with data,"""_5_problem_next"" variable",identify points of attack,"function ""problem""",tamper with code statically,"function ""problem""",analyse attack result,,,,,,,,,,,,,,,,,,,,,,,,,,,,,,,,,,,,,,,,,,
61,arithmetic-2.4.zip,No,70,50,20,0,1,3,5,CLion,integrato in Clion,Reading and understanding the source code,DL,DL,,No,B,,0.0,0.0,0.0,1.0,prepare the environment,,make hypothesis,variabile result,recognize anomalous / unexpected behavior,,understand code logic,funzione problem(),,,,,,,,,,,,,,,,,,,,,,,,,,,,,,,,,,,,,,,,,,,,,
102,arithmetic-2.2.zip,No,50,3,47,0,1,1,1,Code Blocks,Gdb,Inspecting the execution by means of the debugger,DL,DL,,No,B,,0.0,0.0,0.0,1.0,prepare the environment,,recognize anomalous / unexpected behavior,int problem(void),make hypothesis,,identify output generation,,identify points of attack,_3_problem_next,tamper with code statically,result,tamper with code statically,time(&finish);,confirm hypothesis,,,,,,,,,,,,,,,,,,,,,,,,,,,,,,,,,,,,,,
150,arithmetic-2.4.zip,No,70,0,70,0,4,2,3,clion,clion ,Reading and understanding the source code,DL,DL,,No,B,,0.0,0.0,0.0,1.0,identify points of attack,problem,understand code logic,,,,,,,,,,,,,,,,,,,,,,,,,,,,,,,,,,,,,,,,,,,,,,,,,,
45,arithmetic-2.2.zip,No,70,10,60,0,1,2,5,CLion,CLion integrated debugger,Inspecting the execution by means of the debugger,DL,DL,,No,F,,0.0,0.0,1.0,0.0,prepare the environment,,recognize anomalous / unexpected behavior,,make hypothesis,problem(),limit scope of attack,problem(),build the attack strategy,problem(),analyse attack result,problem(),evaluate and select alternative step / revise attack strategy,problem(),tamper with code statically,,,,,,,,,,,,,,,,,,,,,,,,,,,,,,,,,,,,,,
13,tictactoe-2.2.zip,No,70,35,30,5,3,3,4,codeblocks,codeblocks debugger,Inspecting the execution by means of the debugger,DL,DL,,No,B,,0.0,0.0,0.0,1.0,identify output generation,main ,understand code logic,"main, data insertion for player and pc, check",control flow graph reconstruction,Reconstructed the flow chart by doing debug,tamper with code statically,tried to edit the code in places where i thought it could be wrong but i didn't get any good result,,,,,,,,,,,,,,,,,,,,,,,,,,,,,,,,,,,,,,,,,,,,,
7,number-2.4.zip,Yes,55,15,40,0,3,3,3,Xcode,Xcode debugger,Inspecting the execution by means of the debugger,DL,DL,Yes,Yes,B,,0.0,0.0,0.0,0.0,build the attack strategy,,recognize anomalous / unexpected behavior,,make hypothesis,,identify output generation,,tamper with execution,number in 'number' function,confirm hypothesis,,,,,,,,,,,,,,,,,,,,,,,,,,,,,,,,,,,,,,,,,,
65,arithmetic-2.4.zip,Yes,30,5,25,0,2,2,4,CLion,gdb,Inspecting the execution by means of the debugger,DL,DL,,Yes,F,,1.0,0.0,0.0,0.0,recognize anomalous / unexpected behavior,Comprensione output,identify points of attack,,identify points of attack,,understand code logic,return values,limit scope of attack,temp___3 ,tamper with data,,analyse attack result,,,,,,,,,,,,,,,,,,,,,,,,,,,,,,,,,,,,,,,,
125,arithmetic-2.3.zip,Yes,40,13,27,0,3,3,3,Clion,LLDB,Inspecting the execution by means of the debugger,DL,DL,,Yes,F,,1.0,0.0,0.0,0.0,understand code logic,main,understand code logic,problem,understand code logic,showstats,understand code logic,penalise,understand code logic,intr,understand code logic,opnum,understand code logic,getrandom,recognize anomalous / unexpected behavior,problem,recognize anomalous / unexpected behavior,result,recognize anomalous / unexpected behavior,tmp___3,tamper with code statically,problem,analyse attack result,,,,,,,,,,,,,,,,,,,,,,,,,,,,,,
118,number-2.2.zip,Yes,40,10,30,0,1,1,3,Code::Blocks,GDB,Inspecting the execution by means of the debugger,DL,DL,,Yes,F,,1.0,0.0,0.0,0.0,prepare the environment,none,recognize anomalous / unexpected behavior,none,reuse attack strategy that worked in the past,none,understand code logic,tmp___0 e line,limit scope of attack,main,understand code logic,convert e line,limit scope of attack,convert,understand code logic,"unit, p e len",limit scope of attack,unit,understand code logic,"number, p e len",control flow graph reconstruction,number e _3_number_next,identify output generation,_3_number_next,make hypothesis,name1,tamper with code statically,name1,confirm hypothesis,"number, name1",,,,,,,,,,,,,,,,,,,,,,,
39,arithmetic-2.4.zip,Yes,65,10,55,0,1,2,4,CodeBlocks,GDB,Inspecting the execution by means of the debugger,DL,DL,,Yes,F,,1.0,0.0,0.0,0.0,understand code logic,,control flow graph reconstruction,,make hypothesis,"Guardo variabile result e temp__1,2,3",limit scope of attack,problem(),confirm hypothesis,,identify points of attack,result,tamper with code statically,temp__3 && 4039822362U,analyse attack result,,,,,,,,,,,,,,,,,,,,,,,,,,,,,,,,,,,,,,
72,number-2.2.zip,Yes,25,5,20,0,1,1,2,Code::Blocks 17.12,gdb integrated in Code::Blocks,Changing the execution by means of the debugger,DL,DL,,Yes,M,,0.0,0.0,0.0,0.0,prepare the environment,,understand code logic,,recognize anomalous / unexpected behavior,"input value in the variable ""line""",identify points of attack,"int number(char const *p, int len) function",limit scope of attack,"""printf"" to print the final result inside the number function",make hypothesis,,build the attack strategy,"""printf"" to print the final result inside the number function",tamper with code statically,"""printf"" to print the final result inside the number function",analyse attack result,,confirm hypothesis,"""printf"" to print the final result inside the number function",,,,,,,,,,,,,,,,,,,,,,,,,,,,,,,,,
6,tictactoe-2.2.zip,Yes,35,25,10,0,1,1,1,CLion,MinGW,Reading and understanding the source code,DL,DL,,Yes,,,0.0,0.0,0.0,0.0,prepare the environment,,make hypothesis,,identify points of attack,get_computer_move();,limit scope of attack,get_computer_move();,understand code logic,	    get_computer_move();,evaluate and select alternative step / revise attack strategy,,understand code logic,main(),make hypothesis,check();,limit scope of attack,check();,tamper with code statically,"tmp='O', tmp___0='O' and other parts",analyse attack result,,reuse attack strategy that worked in the past,,,,,,,,,,,,,,,,,,,,,,,,,,,,,,
138,arithmetic-2.2.zip,Yes,40,5,30,5,2,1,2,CodeBlocks,gdb,Inspecting the execution by means of the debugger,DL,DL,,Yes,,,0.0,0.0,0.0,0.0,identify output generation,,recognize anomalous / unexpected behavior,,identify points of attack,,evaluate and select alternative step / revise attack strategy,,understand code logic,,evaluate and select alternative step / revise attack strategy,,identify assets by naming scheme,result,tamper with code statically,problem,make hypothesis,,confirm hypothesis,,,,,,,,,,,,,,,,,,,,,,,,,,,,,,,,,,
33,arithmetic-2.2.zip,Yes,12,3,9,0,1,1,1,Visual Studio 2019,Local Windows Debugger (integrated in VS),Inspecting the execution by means of the debugger,DS,DS,,Yes,,,0.0,0.0,0.0,0.0,prepare the environment,,control flow graph reconstruction,"tmp___1, tmp__0, problem()",recognize similarity with already analysed protected application,,reuse attack strategy that worked in the past,,identify assets by naming scheme,"right, left, result, p, tmp__3, getrandom()",understand code logic,,identify points of attack,"tmp__3, result",tamper with code statically,"tmp__3, result",analyse attack result,,,,,,,,,,,,,,,,,,,,,,,,,,,,,,,,,,,,
128,tictactoe-2.4.zip,No,30,20,10,0,3,5,10,Visual studio 2008,,Reading and understanding the source code,DS,DS,,No,,,0.0,0.0,0.0,0.0,prepare the environment,,recognize anomalous / unexpected behavior,get_computer_move,understand code logic,check,tamper with code statically,tmp,recognize anomalous / unexpected behavior,check,tamper with code statically,check,tamper with code statically,tmp,,,,,,,,,,,,,,,,,,,,,,,,,,,,,,,,,,,,,,,
120,tictactoe-2.4.zip,Yes,55,7,48,0,1,1,3,Code::Blocks 16.01,GDB (inside the ide),Inspecting the execution by means of the debugger,DS,DS,,Yes,,,0.0,0.0,0.0,0.0,prepare the environment,,understand code logic,main,make hypothesis,check,understand code logic,check,assess effort,check,make hypothesis,matrix,confirm hypothesis,matrix,tamper with code statically,tmp___0,analyse attack result,,make hypothesis,tmp,confirm hypothesis,tmp,analyse attack result,check,understand code logic,matrix,tamper with code statically,matrix,analyse attack result,,,,,,,,,,,,,,,,,,,,,,,,
81,tictactoe-2.4.zip,No,70,10,60,0,1,1,1,visual studio,Visual Studio,Inspecting the execution by means of the debugger,DS,DS,Yes,No,,,0.0,0.0,0.0,0.0,prepare the environment,,understand code logic,main,identify output generation,,recognize anomalous / unexpected behavior,,understand code logic,done,understand code logic,get_player_move,understand code logic,get_computer_move,understand code logic,check,control flow graph reconstruction,check,control flow graph reconstruction,_6_check_next,control flow graph reconstruction,_3_check_next,identify output generation,matrix,tamper with code statically,,tamper with data,,,,,,,,,,,,,,,,,,,,,,,,,,
96,tictactoe-2.4.zip,Yes,50,5,45,0,1,3,4,clion,integrated in c lion,Inspecting the execution by means of the debugger,DS,DS,,Yes,,,0.0,0.0,0.0,0.0,recognize anomalous / unexpected behavior,,understand code logic,"disp_matrix,check, get_player_move,get_computer_move",understand code logic,"check,done",identify points of attack,"tmp___0, check",tamper with code statically,,analyse attack result,,evaluate and select alternative step / revise attack strategy,,tamper with code statically,,analyse attack result,,,,,,,,,,,,,,,,,,,,,,,,,,,,,,,,,,,,0.0
137,arithmetic-2.3.zip,Yes,25,5,20,0,1,1,3,Xcode,Xcode integrato,Inspecting the execution by means of the debugger,DS,DS,,Yes,,,0.0,0.0,0.0,0.0,identify output generation,,recognize anomalous / unexpected behavior,,make hypothesis,,understand code logic,,confirm hypothesis,problem,tamper with code statically,problem,analyse attack result,problem,,,,,,,,,,,,,,,,,,,,,,,,,,,,,,,,,,,,,,,
20,arithmetic-2.3.zip,No,60,23,37,0,2,4,5,Clion,Bundled LLDB,Inspecting the execution by means of the debugger,DS,DS,,No,,,0.0,0.0,0.0,0.0,recognize anomalous / unexpected behavior,,understand code logic,,make hypothesis,problem(),limit scope of attack,"problem(), penalise()",identify points of attack,problem(),tamper with code statically,,analyse attack result,,evaluate and select alternative step / revise attack strategy,,,,,,,,,,,,,,,,,,,,,,,,,,,,,,,,,,,,,,
109,number-2.3.zip,No,60,5,55,0,4,2,1,Vs code,gdb,Reading and understanding the source code,DS,DS,,No,,,0.0,0.0,0.0,0.0,understand code logic,,control flow graph reconstruction,,identify output generation,unit,make hypothesis,lflag,tamper with code statically,lflag,analyse attack result,unit,make hypothesis on reasons for attack failure,number,identify points of attack,number,make hypothesis,len,tamper with code statically,len,make hypothesis on reasons for attack failure,_5_number_next,,,,,,,,,,,,,,,,,,,,,,,,,,,,,,,
44,arithmetic-2.3.zip,Yes,65,55,10,0,1,2,2,Visual Studio 2015,Local Windows Debugger,Inspecting the execution by means of the debugger,DS,DS,,Yes,,,0.0,0.0,0.0,0.0,prepare the environment,,recognize anomalous / unexpected behavior,"problem, result, tmp___3",make hypothesis on protection,"result, tmp___3",control flow graph reconstruction,problem,tamper with code statically,result,,,,,,,,,,,,,,,,,,,,,,,,,,,,,,,,,,,,,,,,,,,
19,arithmetic-2.4.zip,No,70,50,15,5,1,4,5,CLion,GDB,Reading and understanding the source code,DS,DS,Yes,No,,,0.0,0.0,0.0,0.0,prepare the environment,,recognize anomalous / unexpected behavior,,understand code logic,,bypass protection,,choose path of least resistance,,tamper with execution,,control flow graph reconstruction,"_6_problem_next, _3_problem_next",tamper with execution,"temp___2, result",,,,,,,,,,,,,,,,,,,,,,,,,,,,,,,,,,,,,
83,tictactoe-2.3.zip,No,70,40,30,0,2,3,3,Code:Blocks,60,Inspecting the execution by means of the debugger,DS,DS,,No,,,0.0,0.0,0.0,0.0,prepare the environment,,recognize anomalous / unexpected behavior,,control flow graph reconstruction,,identify output generation,,limit scope of attack,check,identify assets by naming scheme,check,make hypothesis,check,tamper with code statically,tmp,analyse attack result,,evaluate and select alternative step / revise attack strategy,,tamper with code statically,,,,,,,,,,,,,,,,,,,,,,,,,,,,,,,,
149,number-2.2.zip,Yes,70,10,60,0,2,2,4,DevC++,DevC++ included,Inspecting the execution by means of the debugger,DS,DS,,Yes,,,0.0,0.0,0.0,0.0,recognize anomalous / unexpected behavior,number.c,control flow graph reconstruction,main,identify points of attack,convert,understand code logic,,identify points of attack,unit,understand code logic,,identify points of attack,number,make hypothesis,p,tamper with code statically,number,analyse attack result,number,tamper with code statically,number,analyse attack result,number.c,,,,,,,,,,,,,,,,,,,,,,,0.0,,,,,,
89,arithmetic-2.4.zip,No,70,10,60,0,3,4,5,CLion,CLion Debugger,Inspecting the execution by means of the debugger,DS,DS,Yes,No,,,0.0,0.0,0.0,0.0,prepare the environment,,recognize anomalous / unexpected behavior,Problem,identify output generation,Problem,control flow graph reconstruction,,identify points of attack,"Program, left, right, result",,,,,,,,,,,,,,,,,,,,,,,,,,,,,,,,,,,,,,,,,,,
59,tictactoe-2.3.zip,Yes,55,20,35,0,5,5,3,CodeBloks,Integrated in CodeBlocks,Inspecting the execution by means of the debugger,DS,DS,Yes,Yes,,,0.0,0.0,0.0,0.0,understand code logic,"get_computer_move(), matrix[i][j]",analyse attack result,check(),assess effort,check(),confirm hypothesis,matrix[][],control flow graph reconstruction,get_player_move() - check () - get_computer_move() - check(),defeat protection,check(),identify output generation,done = check(),identify points of attack,tmp,limit scope of attack,check(),,,,,,,,,,,,,,,,,,,,,,,,,,,,,,,,,,,
3,tictactoe-2.4.zip,Yes,35,10,25,0,1,1,2,CLion,integrato,Inspecting the execution by means of the debugger,DM,DM,,Yes,,,0.0,0.0,0.0,0.0,prepare the environment,,recognize anomalous / unexpected behavior,,understand code logic,,identify points of attack,check function,tamper with code statically,,analyse attack result,,make hypothesis on reasons for attack failure,,make hypothesis,,tamper with code statically,,confirm hypothesis,check(),analyse attack result,,,,,,,,,,,,,,,,,,,,,,,,,,,,,,,,
51,tictactoe-2.4.zip,Yes,30,5,25,0,1,1,2,Visual Studio 2019,Integrated in IDE,Inspecting the execution by means of the debugger,DM,DM,,Yes,,,0.0,0.0,0.0,0.0,prepare the environment,,identify output generation,,understand code logic,,make hypothesis on protection,,recognize similarity with already analysed protected application,,identify points of attack,char check(),tamper with code statically,,tamper with code statically,char check(),tamper with code statically,char check(),analyse attack result,,,,,,,,,,,,,,,,,,,,,,,,,,,,,,,,,,
62,arithmetic-2.4.zip,No,70,20,50,0,2,5,5,CLion,integrato,Inspecting the execution by means of the debugger,DM,DM,Yes,No,,,0.0,0.0,0.0,0.0,control flow graph reconstruction,,build the attack strategy,,,,,,,,,,,,,,,,,,,,,,,,,,,,,,,,,,,,,,,,,,,,,,,,,,
26,tictactoe-2.4.zip,Yes,58,5,53,0,1,2,3,CodeBlocks,gcc (in IDE),Inspecting the execution by means of the debugger,DM,DM,,Yes,,,0.0,0.0,0.0,0.0,understand code logic,get_computer_move,understand code logic,check,identify points of attack,check,tamper with code statically,check,,,,,,,,,,,,,,,,,,,,,,,,,,,,,,,,,,,,,,,,,,,,,
21,arithmetic-2.2.zip,No,70,4,66,0,4,4,4,CLion,integrated,Inspecting the execution by means of the debugger,DM,DM,,No,,,0.0,0.0,0.0,0.0,tamper with code statically,int problem(void),tamper with code statically,result,understand code logic,int problem(void),,,,,,,,,,,,,,,,,,,,,,,,,,,,,,,,,,,,,,,,,,,,,,,
25,number-2.2.zip,No,40,15,20,5,1,4,4,Clion,GDB debugger,Reading and understanding the source code,DM,DM,,No,,,0.0,0.0,0.0,0.0,prepare the environment,,recognize anomalous / unexpected behavior,,make hypothesis on protection,,tamper with code statically,,analyse attack result,convert(line) function,,,,,,,,,,,,,,,,,,,,,,,,,,,,,,,,,,,,,,,,,,,
97,tictactoe-2.4.zip,No,40,20,20,0,2,2,1,CodeBlocks,gdb,Reading and understanding the source code,DM,DM,,No,,,0.0,0.0,0.0,0.0,understand code logic,disp_matrix,understand code logic,get_player_move,limit scope of attack,check(),tamper with execution,done,,,,,,,,,,,,,,,,,,,,,,,,,,,,,,,,,,,,,,,,,,,,,
66,arithmetic-2.4.zip,No,60,20,40,0,4,2,2,CLion,gdb,Inspecting the execution by means of the debugger,DM,DM,Yes,No,,,0.0,0.0,0.0,0.0,,,,,,,,,,,,,,,,,,,,,,,,,,,,,,,,,,,,,,,,,,,,,,,,,,,,,
130,tictactoe-2.2.zip,No,70,15,50,5,2,4,4,CodeBlocks,GDB,Reading and understanding the source code,DM,DM,,No,,,0.0,0.0,0.0,0.0,recognize anomalous / unexpected behavior,,understand code logic,,make hypothesis,,tamper with code statically,tmp,tamper with code statically,,analyse attack result,,understand code logic,,,,,,,,,,,,,,,,,,,,,,,,,,,,,,,,,,,,,,,,
95,number-2.2.zip,No,70,20,50,0,4,3,2,Eclipse,gdb,Inspecting the execution by means of the debugger,DM,DM,Yes,No,,,0.0,0.0,0.0,0.0,prepare the environment,,understand code logic,,identify assets by naming scheme,,understand code logic,,identify output generation,,control flow graph reconstruction,,make hypothesis,,recognize anomalous / unexpected behavior,,identify points of attack,number,limit scope of attack,,tamper with code statically,,,,,,,,,,,,,,,,,,,,,,,,,,,,,,,,
121,tictactoe-2.3.zip,Yes,40,5,35,0,1,1,3,Clion,bundled gdb,Inspecting the execution by means of the debugger,DM,DM,,Yes,,,0.0,0.0,0.0,0.0,prepare the environment,,recognize anomalous / unexpected behavior,,make hypothesis,,limit scope of attack,check,understand code logic,check,confirm hypothesis,,identify points of attack,,tamper with code statically,,,,,,,,,,,,,,,,,,,,,,,,,,,,,,,,,,,,,,
133,number-2.3.zip,Yes,40,10,29,1,2,1,3,Codeblocks,GCB,Inspecting the execution by means of the debugger,DM,DM,,Yes,,,0.0,0.0,0.0,0.0,understand code logic,,recognize anomalous / unexpected behavior,,make hypothesis,,understand code logic,convert,identify output generation,number,understand code logic,name1,tamper with code statically,,analyse attack result,,,,,,,,,,,,,,,,,,,,,,,,,,,,,,,,,,,,,,
52,tictactoe-2.3.zip,Yes,25,1,24,0,1,1,2,Codeblocks + vscode,gdb,Inspecting the execution by means of the debugger,LS,LS,,Yes,,,0.0,0.0,0.0,0.0,prepare the environment,codeblocks,understand code logic,main,limit scope of attack,check function,evaluate and select alternative step / revise attack strategy,,tamper with code statically,matrix[x][y]= x;,,,,,,,,,,,,,,,,,,,,,,,,,,,,,,,,,,,,,,,,,,,
136,arithmetic-2.4.zip,No,70,25,45,0,3,3,3,Clion,LLDB,Inspecting the execution by means of the debugger,LS,LS,,No,,,0.0,0.0,0.0,0.0,prepare the environment,,make hypothesis,,recognize anomalous / unexpected behavior,result,understand code logic,problem(),control flow graph reconstruction,getrandom(),build attack strategy,main,,,,,,,,,,,,,,,,,,,,,,,,,,,,,,,,,,,,,,,,,
42,arithmetic-2.4.zip,Yes,70,20,50,0,1,3,4,CLion,Integrated CLion,Reading and understanding the source code,LS,LS,,Yes,,,0.0,0.0,0.0,0.0,understand code logic,,understand code logic,,identify assets by naming scheme,,understand code logic,result,tamper with code statically,result,analyse attack result,,,,,,,,,,,,,,,,,,,,,,,,,,,,,,,,,,,,,,,,,,
47,number-2.4.zip,No,70,35,35,0,3,3,4,CodeBlocks,gdb,Inspecting the execution by means of the debugger,LS,LS,Yes,No,,,0.0,0.0,0.0,0.0,recognize anomalous / unexpected behavior,,control flow graph reconstruction,,make hypothesis,,make hypothesis on protection,,limit scope of attack,,identify points of attack,,identify output generation,,overcome protection,,build the attack strategy,,make hypothesis on reasons for attack failure,,,,,,,,,,,,,,,,,,,,,,,,,,,,,,,,,,
53,tictactoe-2.2.zip,Yes,40,20,20,0,1,1,1,CLion,GDB in Clion,Reading and understanding the source code,LS,LS,,Yes,,,0.0,0.0,0.0,0.0,recognize anomalous / unexpected behavior,,make hypothesis,,understand code logic,check(),tamper with code statically,"check(), tmp,",analyse attack result,,,,,,,,,,,,,,,,,,,,,,,,,,,,,,,,,,,,,,,,,,,,
115,number-2.4.zip,No,70,25,45,0,2,3,4,CLion,CLion,Inspecting the execution by means of the debugger,LS,LS,Yes,No,,,0.0,0.0,0.0,0.0,recognize anomalous / unexpected behavior,main,identify output generation,convert,analyse attack result,convert,identify output generation,unit,identify output generation,number,evaluate and select alternative step / revise attack strategy,convert,analyse attack result,unit,,,,,,,,,,,,,,,,,,,,,,,,,,,,,,,,,,,,,,,
132,arithmetic-2.4.zip,No,30,10,20,0,2,2,2,CLION,GDB,Inspecting the execution by means of the debugger,LS,LS,,No,,,0.0,0.0,0.0,0.0,understand code logic,,recognize anomalous / unexpected behavior,,understand code logic,problem,assess effort,,evaluate and select alternative step / revise attack strategy,,choose path of least resistance,,identify output generation,printf,understand code logic,encodeStrings_litStr8,understand code logic,,understand code logic,tmp__3,understand code logic,result,tamper with code statically,,analyse attack result,,,,,,,,,,,,,,,,,,,,,,,,,,,,
100,number-2.4.zip,Yes,40,20,20,0,1,1,3,Code Blocks,gdb,Inspecting the execution by means of the debugger,LS,LS,,Yes,,,0.0,0.0,0.0,0.0,recognize anomalous / unexpected behavior,,control flow graph reconstruction,,identify output generation,number,understand code logic,printf,tamper with code statically,printf,analyse attack result,,,,,,,,,,,,,,,,,,,,,,,,,,,,,,,,,,,,,,,,,,
141,number-2.3.zip,Yes,30,3,25,2,1,1,3,CLion,GDB,Inspecting the execution by means of the debugger,LS,LS,,Yes,,,0.0,0.0,0.0,0.0,recognize anomalous / unexpected behavior,,understand code logic,main,understand code logic,convert,identify points of attack,p,build the attack strategy,p,tamper with code statically,p,make hypothesis on reasons for attack failure,,tamper with code statically,p,make hypothesis on reasons for attack failure,,evaluate and select alternative step / revise attack strategy,,identify output generation,,understand code logic,number,identify points of attack,number,tamper with code statically,number,analyse attack result,,,,,,,,,,,,,,,,,,,,,,,,
5,tictactoe-2.3.zip,Yes,40,15,25,0,1,1,1,CLion,Integrato,Inspecting the execution by means of the debugger,LS,LS,,Yes,,,0.0,0.0,0.0,0.0,understand code logic,,identify points of attack,"Matrix, check()",tamper with code statically,,,,,,,,,,,,,,,,,,,,,,,,,,,,,,,,,,,,,,,,,,,,,,,,
93,number-2.4.zip,Yes,55,4,50,1,1,2,3,Visual Studio 2019,VS Debugger,Inspecting the execution by means of the debugger,LS,LS,,Yes,,,,,,,prepare the environment,,recognize anomalous / unexpected behavior,,limit scope of attack,,understand code logic,convert,understand code logic,unit,understand code logic,number,identify points of attack,number,tamper with code statically,printf,,,,,,,,,,,,,,,,,,,,,,,,,,,,,,,,,,,,,
35,tictactoe-2.4.zip,No,70,10,60,0,1,2,2,dev c++,50,Inspecting the execution by means of the debugger,LS,LS,Yes,No,,,,,,,make hypothesis on protection,function check,confirm hypothesis,variable done,,,,,,,,,,,,,,,,,,,,,,,,,,,,,,,,,,,,,,,,,,,,,,,,,
46,number-2.4.zip,Yes,70,60,10,0,1,3,5,Visual Studio,debugger integrated in Visual Studio,Reading and understanding the source code,LM,LM,,Yes,,,,,,,prepare the environment,,recognize anomalous / unexpected behavior,,make hypothesis,main,understand code logic,"convert , units, number",identify points of attack,number,tamper with code statically,"int number(char const *p, int len)",,,,,,,,,,,,,,,,,,,,,,,,,,,,,,,,,,,,,,,,,
146,tictactoe-2.3.zip,Yes,55,35,20,0,3,2,2,CodeBlocks,gcc debugeger,Inspecting the execution by means of the debugger,LM,LM,,Yes,,,,,,,understand code logic,tmp__0,identify points of attack,check,tamper with code statically,temp__0,,,,,,,,,,,,,,,,,,,,,,,,,,,,,,,,,,,,,,,,,,,,,,,
144,number-2.4.zip,No,70,10,57,3,4,3,2,,gdb,Inspecting the execution by means of the debugger,LM,LM,,No,,,,,,,understand code logic,,identify points of attack,,limit scope of attack,convert,limit scope of attack,unit,limit scope of attack,number,,,,,,,,,,,,,,,,,,,,,,,,,,,,,,,,,,,,,,,,,,,
127,tictactoe-2.4.zip,No,45,15,30,0,4,5,4,clion,clion,Inspecting the execution by means of the debugger,LM,LM,,No,,,,,,,control flow graph reconstruction,,make hypothesis,check(),understand code logic,check(),make hypothesis,check(),tamper with code statically,check(),analyse attack result,,confirm hypothesis,,,,,,,,,,,,,,,,,,,,,,,,,,,,,,,,,,,,,,,,
88,arithmetic-2.4.zip,No,70,20,50,0,3,3,4,Clion,gdb,Inspecting the execution by means of the debugger,LM,LM,,No,,,,,,,prepare the environment,,understand code logic,main,understand code logic,problem,understand code logic,result,choose/evaluate alternative tool,,prepare the environment,,recognize anomalous / unexpected behavior,result,evaluate and select alternative step / revise attack strategy,,,,,,,,,,,,,,,,,,,,,,,,,,,,,,,,,,,,,,
145,arithmetic-2.3.zip,Yes,65,65,0,0,2,2,3,CLion,65,Changing the execution by means of the debugger,LM,LM,,Yes,,,,,,,control flow graph reconstruction,problem,understand code logic,_5_problem_next,limit scope of attack,problem,tamper with code statically,problem,analyse attack result,,control flow graph reconstruction,problem,evaluate and select alternative step / revise attack strategy,tmp___3 result ,tamper with code statically,,analyse attack result,,,,,,,,,,,,,,,,,,,,,,,,,,,,,,,,,,,,
60,tictactoe-2.2.zip,Yes,70,20,50,0,4,5,3,CLion,Integrato (MinGW),Inspecting the execution by means of the debugger,LM,LM,,Yes,,,,,,,recognize anomalous / unexpected behavior,,understand code logic,matrix[][] ,tamper with code statically,case 27 ,tamper with code statically,case 26:,tamper with code statically,case 30,tamper with code statically,case 8: ,tamper with code statically,case 2: 	,tamper with code statically,case 18: ,tamper with code statically,"tmp, tmp___0, matrix[][]",,,,,,,,,,,,,,,,,,,,,,,,,,,,,,,,,,,
76,tictactoe-2.2.zip,Yes,35,5,30,0,2,2,3,CLion,GDB inside CLion,Inspecting the execution by means of the debugger,LM,LM,Yes,Yes,,,,,,,recognize anomalous / unexpected behavior,,understand code logic,check function,tamper with code statically,tmp and tmp___0 variable,tamper with code statically,"check function, tmp - tmp____0 variable",,,,,,,,,,,,,,,,,,,,,,,,,,,,,,,,,,,,,,,,,,,,,
73,tictactoe-2.4.zip,Yes,54,15,35,4,1,1,1,Code::Blocks,gdb,Changing the execution by means of the debugger,LM,LM,,Yes,,,,,,,prepare the environment,,understand code logic,,make hypothesis,,identify points of attack,,build the attack strategy,,tamper with code statically,"chech(), tmp, tmp___0",analyse attack result,,confirm hypothesis,,,,,,,,,,,,,,,,,,,,,,,,,,,,,,,,,,,,,,
69,number-2.4.zip,Yes,20,5,15,0,3,3,3,codeblocks,si,Inspecting the execution by means of the debugger,LM,LM,,Yes,,,,,,,recognize anomalous / unexpected behavior,,control flow graph reconstruction,"number(), tutte le variabili",tamper with code statically,,analyse attack result,"number(), tutte le variabili",make hypothesis,,evaluate and select alternative step / revise attack strategy,"number(), *name1",make hypothesis,"number(), *name1",tamper with code statically,"number(), *name1",analyse attack result,,confirm hypothesis,"number(), *name1",,,,,,,,,,,,,,,,,,,,,,,,,,,,,,,,,
129,tictactoe-2.3.zip,Yes,70,15,55,0,1,2,4,CLION,GDB,Inspecting the execution by means of the debugger,LM,LM,,Yes,,,,,,,identify output generation,main,recognize anomalous / unexpected behavior,main,make hypothesis,check(),understand code logic,check(),tamper with code statically,tmp tmp___,analyse attack result,main(),make hypothesis on reasons for attack failure,tmp tmp__,tamper with code statically,tmp tmp___,analyse attack result,check(),confirm hypothesis,check(),,,,,,,,,,,,,,,,,,,,,,,,,,,,,,,,,
85,arithmetic-2.4.zip,Yes,70,20,45,5,5,4,3,Visual Studio 2019,Visual Studio 2019,Inspecting the execution by means of the debugger,LM,LM,,Yes,,,,,,,prepare the environment,,understand code logic,,make hypothesis,result,identify points of attack,4039822362U,tamper with code statically,4039822362U,analyse attack result,,,,,,,,,,,,,,,,,,,,,,,,,,,,,,,,,,,,,,,,,,
63,number-2.3.zip,No,50,15,30,5,2,2,3,VisualStudio2019,,Inspecting the execution by means of the debugger,MS,MS,,No,,,,,,,prepare the environment,,understand code logic,,recognize anomalous / unexpected behavior,,tamper with code statically,convert(),,,,,,,,,,,,,,,,,,,,,,,,,,,,,,,,,,,,,,,,,,,,,
131,arithmetic-2.4.zip,No,70,20,50,0,5,1,3,CLion,,Inspecting the execution by means of the debugger,MS,MS,Yes,No,,,,,,,understand code logic,main,bypass protection,problem,bypass protection,penalise,make hypothesis,result,identify output generation,getrandom,,,,,,,,,,,,,,,,,,,,,,,,,,,,,,,,,,,,,,,,,,,
22,number-2.4.zip,Yes,55,15,35,5,1,2,4,,gdb (by terminal),Reading and understanding the source code,MS,MS,Yes,Yes,,,,,,,recognize anomalous / unexpected behavior,,understand code logic,int main(),tamper with code statically,"int main(), line",tamper with code statically,"int main(), line",understand code logic,convert(),identify assets by naming scheme,convert(),make hypothesis,convert(),tamper with code statically,,analyse attack result,convert(),make hypothesis,convert(),,,,,,,,,,,,,,,,,,,,,,,,,,,,,,,,,
119,tictactoe-2.4.zip,Yes,40,5,35,0,1,1,2,CodeBlocks,MinGW32 gdb,Inspecting the execution by means of the debugger,MS,MS,,Yes,,,,,,,recognize anomalous / unexpected behavior,,understand code logic,,identify points of attack,main,assess effort,check,make hypothesis,check,confirm hypothesis,check,tamper with code statically,check,analyse attack result,,,,,,,,,,,,,,,,,,,,,,,,,,,,,,,,,,,,,,
87,number-2.2.zip,Yes,70,20,50,0,1,1,2,Visual Studio 2019,Visual Studio debugger,Inspecting the execution by means of the debugger,MS,MS,,Yes,,,,,,,identify output generation,main,identify output generation,convert,recognize anomalous / unexpected behavior,unit,limit scope of attack,unit,make hypothesis,unit,limit scope of attack,number,understand code logic,number,confirm hypothesis,number,tamper with code statically,number,,,,,,,,,,,,,,,,,,,,,,,,,,,,,,,,,,,
105,tictactoe-2.3.zip,Yes,70,2,68,0,1,3,3,CodeBlocks,GCC GNU,Inspecting the execution by means of the debugger,MS,MS,,Yes,,,,,,,prepare the environment,,recognize anomalous / unexpected behavior,,understand code logic,,tamper with code statically,check,tamper with code statically,check,tamper with code statically,check,tamper with code statically,check,tamper with code statically,check,tamper with code statically,check,,,,,,,,,,,,,,,,,,,,,,,,,,,,,,,,,,,
30,number-2.4.zip,Yes,60,20,35,5,2,3,2,CLion,Bundled GDB,Inspecting the execution by means of the debugger,MS,MS,,Yes,,,,,,,identify output generation,convert,recognize anomalous / unexpected behavior,,make hypothesis,,tamper with execution,,tamper with code statically,,,,,,,,,,,,,,,,,,,,,,,,,,,,,,,,,,,,,,,,,,,,
116,number-2.4.zip,Yes,60,14,45,1,1,3,3,Clion,GDB,Inspecting the execution by means of the debugger,MS,MS,,Yes,,,,,,,recognize anomalous / unexpected behavior,,understand code logic,tmp__0,understand code logic,*p,understand code logic,len,recognize anomalous / unexpected behavior,name1,tamper with code statically,name1,,,,,,,,,,,,,,,,,,,,,,,,,,,,,,,,,,,,,,,,,
80,arithmetic-2.2.zip,Yes,15,2,13,0,2,1,1,clion,Debug integrato nel IDE,Inspecting the execution by means of the debugger,MS,MS,,Yes,,,,,,,understand code logic,"p, tmp___3, res, result",understand code logic,result,tamper with code statically,problem,,,,,,,,,,,,,,,,,,,,,,,,,,,,,,,,,,,,,,,,,,,,,,,
135,arithmetic-2.4.zip,No,70,10,55,5,1,4,4,CLion,GDB,Inspecting the execution by means of the debugger,MS,MS,,No,,,,,,,prepare the environment,,recognize anomalous / unexpected behavior,,build the attack strategy,,tamper with code statically,,evaluate and select alternative step / revise attack strategy,,understand code logic,problem,control flow graph reconstruction,problem,,,,,,,,,,,,,,,,,,,,,,,,,,,,,,,,,,,,,,,
55,number-2.4.zip,Yes,25,5,18,2,5,5,3,CodeBlocks,GDB (integrated in codeblocks),Inspecting the execution by means of the debugger,MS,MS,,Yes,,,,,,,recognize anomalous / unexpected behavior,,identify output generation,,limit scope of attack,,understand code logic,,tamper with code statically,,analyse attack result,,,,,,,,,,,,,,,,,,,,,,,,,,,,,,,,,,,,,,,,,,
12,tictactoe-2.3.zip,Yes,60,5,55,0,2,1,3,,gdb,Inspecting the execution by means of the debugger,MS,MS,Yes,Yes,,,,,,,recognize anomalous / unexpected behavior,,understand code logic,,limit scope of attack,,make hypothesis on protection,,identify points of attack,,understand code logic,,,,,,,,,,,,,,,,,,,,,,,,,,,,,,,,,,,,,,,,,,
